{"filesMd5":[{"page":"/config/index.js","md5":"d307f0f13f24b983bbde9ec94451212e"},{"page":"/mediator/index.js","md5":"b2066b507c9f5d827ff6d0fd97093c68"},{"page":"/pages/app/index.js","md5":"7e06c6dde936d28dff629675895e540f"},{"page":"/pages/set/index.js","md5":"10ea83ae38cc799f08f2a0dfea61517b"},{"page":"/pages/train/index.js","md5":"2bfe234b79a36052beade147dfa8bb5d"},{"page":"/iconfont/xy.ttf","md5":"f3a11a42707f9a32ce0b8b8c9e289d01"},{"page":"/assets/arrowicon.png","md5":"4d23d73397f1e357b29fa50d6b93a06d"},{"page":"/assets/back.png","md5":"12e02cf90efdb10cc26dfb28ca1c6bb3"},{"page":"/assets/close.png","md5":"0503e3f1e4acc3966571f31330da138f"},{"page":"/assets/closeicon.png","md5":"da9fb3c0dfb927dd8e7bce19a9592ae1"},{"page":"/assets/default-loading.gif","md5":"f3d6729bd3424ba5e9b33b47d1a88839"},{"page":"/assets/inputicon.png","md5":"d38c3de07606ea227a4e89695d45108c"},{"page":"/assets/line.png","md5":"379ef3cdbe62ba64128813ab1e8af522"},{"page":"/assets/loading.gif","md5":"d561311b19073ea92a0e49690334310b"},{"page":"/assets/look.png","md5":"56a906fa5e613099ebea7d872a0af66f"},{"page":"/assets/order.png","md5":"3b4dc51425cd434f66a7ca5c4a7b0769"},{"page":"/assets/place_holder.png","md5":"b6884106409735bb349bbea7ffd24f7c"},{"page":"/assets/shop.png","md5":"9f4b9dea76d6522aa5d1cfc1611af844"},{"page":"/assets/shopcell.png","md5":"9e55f95bc2b354b5da4828216d2d1ccb"},{"page":"/assets/time.png","md5":"27bbfa44120796098784e5891f7c018e"},{"page":"/assets/trip-loading.gif","md5":"00a80db12933d4374e96c854b944c946"},{"page":"/assets/vanz.png","md5":"89d55fa5950d854c76f512517b409eed"},{"page":"/assets/wifi-full-red.png","md5":"85753de387187ab8d394a638426cb1f1"},{"page":"/assets/wifi-full.png","md5":"542e1f4d8694f84104d918bf880ae281"},{"page":"/assets/wifi-no-red.png","md5":"9f5803bdea32b18d5e5e0989d0eb9e9e"},{"page":"/assets/wifi-no.png","md5":"9f5803bdea32b18d5e5e0989d0eb9e9e"},{"page":"/assets/wifi-one-red.png","md5":"1985013c7aec9e464a680ec280e107b6"},{"page":"/assets/wifi-one.png","md5":"989060d9fc4168bb6a5fb5aee46c2d15"},{"page":"/assets/wifi-three-red.png","md5":"28ab4930e32e16658b4c31ecf0ddb4e0"},{"page":"/assets/wifi-three.png","md5":"1054fed6411e54c81a7298a8ef104255"}],"android":"1.0.0","iOS":"1.0.0","appName":"jingsuan","jsVersion":"a2c1cf6cdf0bae2434efab3d83a08f13","timestamp":1526280039548,"jsPath":"https://app.weex-eros.com/source"}
